Episode,retrain_DQN,Random,RRobin
1,6.0203004604385,5.910204859818599,6.140727010302393
2,7.373097858155075,6.519351399299915,6.224135081800992
3,9.574017625098865,8.15486424224983,8.035049431456757
